{
  "model_dir": "/opt/dlami/nvme/emonarrify_runs/phase3_new_v1",
  "n_ckpts": 9,
  "joint_score_weight_cos": 10.0,
  "gate_threshold_cos_mean_off_diag": 0.85,
  "best_step": 18000,
  "best_ckpt_path": "/opt/dlami/nvme/emonarrify_runs/phase3_new_v1/G_18000.pth",
  "best_joint_score": -7.424264453649521,
  "best_cos_sim_mean_off_diag": -0.10057355463504791,
  "best_cos_sim_max_off_diag": 0.05134812742471695,
  "best_val_mel": 18.43,
  "gate_pass": true,
  "per_ckpt": [
    {
      "step": 2000,
      "ckpt_path": "/opt/dlami/nvme/emonarrify_runs/phase3_new_v1/G_2000.pth",
      "cos_sim_5x5": [
        [
          1.0,
          0.011830035597085953,
          0.013889215886592865,
          -0.0043198540806770325,
          -0.06415819376707077
        ],
        [
          0.011830035597085953,
          1.0,
          0.03635011613368988,
          -0.002595420926809311,
          0.05342124402523041
        ],
        [
          0.013889215886592865,
          0.03635011613368988,
          1.0,
          -0.09803488850593567,
          0.028438763692975044
        ],
        [
          -0.0043198540806770325,
          -0.002595420926809311,
          -0.09803488850593567,
          0.9999999403953552,
          -0.02501644566655159
        ],
        [
          -0.06415818631649017,
          0.053421251475811005,
          0.028438763692975044,
          -0.02501644939184189,
          0.9999999403953552
        ]
      ],
      "cos_sim_mean_off_diag": -0.005019542761147022,
      "cos_sim_max_off_diag": 0.05342124402523041,
      "cos_sim_min_off_diag": -0.09803488850593567,
      "emb_e_frobenius_norm": 2.857694387435913,
      "val_mel_at_step": 19.19,
      "joint_score": -9.139804572388531
    },
    {
      "step": 4000,
      "ckpt_path": "/opt/dlami/nvme/emonarrify_runs/phase3_new_v1/G_4000.pth",
      "cos_sim_5x5": [
        [
          1.0000001192092896,
          -0.0526573583483696,
          -0.009240001440048218,
          -0.038655057549476624,
          -0.11130033433437347
        ],
        [
          -0.0526573583483696,
          1.0000001192092896,
          0.046503759920597076,
          -0.031176691874861717,
          0.09319072961807251
        ],
        [
          -0.009240001440048218,
          0.046503759920597076,
          0.9999999403953552,
          -0.17713850736618042,
          0.020431216806173325
        ],
        [
          -0.038655057549476624,
          -0.031176691874861717,
          -0.17713850736618042,
          1.0,
          -0.06264685094356537
        ],
        [
          -0.11130033433437347,
          0.09319072961807251,
          0.020431211218237877,
          -0.06264684349298477,
          0.9999998211860657
        ]
      ],
      "cos_sim_mean_off_diag": -0.03226890955120325,
      "cos_sim_max_off_diag": 0.09319072961807251,
      "cos_sim_min_off_diag": -0.17713850736618042,
      "emb_e_frobenius_norm": 2.9854037761688232,
      "val_mel_at_step": 18.8,
      "joint_score": -8.477310904487968
    },
    {
      "step": 6000,
      "ckpt_path": "/opt/dlami/nvme/emonarrify_runs/phase3_new_v1/G_6000.pth",
      "cos_sim_5x5": [
        [
          1.0,
          -0.06739334017038345,
          -0.039700500667095184,
          -0.04924584925174713,
          -0.16351832449436188
        ],
        [
          -0.06739334017038345,
          1.0,
          0.033115845173597336,
          -0.05598507076501846,
          0.10438011586666107
        ],
        [
          -0.039700500667095184,
          0.033115845173597336,
          1.0,
          -0.2067471444606781,
          0.009412936866283417
        ],
        [
          -0.04924584925174713,
          -0.05598507076501846,
          -0.2067471444606781,
          0.9999998807907104,
          -0.07310909032821655
        ],
        [
          -0.16351830959320068,
          0.10438010841608047,
          0.009412921965122223,
          -0.07310909032821655,
          0.9999998807907104
        ]
      ],
      "cos_sim_mean_off_diag": -0.050879042223095895,
      "cos_sim_max_off_diag": 0.10438011586666107,
      "cos_sim_min_off_diag": -0.2067471444606781,
      "emb_e_frobenius_norm": 3.092148780822754,
      "val_mel_at_step": 18.84,
      "joint_score": -8.331209577769041
    },
    {
      "step": 8000,
      "ckpt_path": "/opt/dlami/nvme/emonarrify_runs/phase3_new_v1/G_8000.pth",
      "cos_sim_5x5": [
        [
          1.0,
          -0.10112804919481277,
          -0.10710962861776352,
          -0.03786845505237579,
          -0.199232280254364
        ],
        [
          -0.10112804919481277,
          1.0,
          0.012488801963627338,
          -0.05932614952325821,
          0.11175950616598129
        ],
        [
          -0.10710962861776352,
          0.012488801963627338,
          1.0,
          -0.22641624510288239,
          -0.0005634687840938568
        ],
        [
          -0.03786845505237579,
          -0.05932614952325821,
          -0.22641624510288239,
          0.9999998807907104,
          -0.09361230581998825
        ],
        [
          -0.19923225045204163,
          0.11175951361656189,
          -0.0005634687840938568,
          -0.09361229836940765,
          1.0
        ]
      ],
      "cos_sim_mean_off_diag": -0.07010082742199301,
      "cos_sim_max_off_diag": 0.11175950616598129,
      "cos_sim_min_off_diag": -0.22641624510288239,
      "emb_e_frobenius_norm": 3.172515869140625,
      "val_mel_at_step": 18.7,
      "joint_score": -7.998991725780069
    },
    {
      "step": 10000,
      "ckpt_path": "/opt/dlami/nvme/emonarrify_runs/phase3_new_v1/G_10000.pth",
      "cos_sim_5x5": [
        [
          1.0,
          -0.09832416474819183,
          -0.10991678386926651,
          -0.052865058183670044,
          -0.20533382892608643
        ],
        [
          -0.09832416474819183,
          1.0,
          -0.01129990629851818,
          -0.07024417072534561,
          0.09860081970691681
        ],
        [
          -0.10991678386926651,
          -0.01129990629851818,
          0.9999998807907104,
          -0.22698819637298584,
          -0.0026247166097164154
        ],
        [
          -0.052865058183670044,
          -0.07024417072534561,
          -0.22698819637298584,
          1.0,
          -0.11274763196706772
        ],
        [
          -0.20533382892608643,
          0.09860081970691681,
          -0.0026247091591358185,
          -0.1127476617693901,
          1.0
        ]
      ],
      "cos_sim_mean_off_diag": -0.07917436379939317,
      "cos_sim_max_off_diag": 0.09860081970691681,
      "cos_sim_min_off_diag": -0.22698819637298584,
      "emb_e_frobenius_norm": 3.228698968887329,
      "val_mel_at_step": 18.64,
      "joint_score": -7.848256362006069
    },
    {
      "step": 12000,
      "ckpt_path": "/opt/dlami/nvme/emonarrify_runs/phase3_new_v1/G_12000.pth",
      "cos_sim_5x5": [
        [
          1.0000001192092896,
          -0.1113814041018486,
          -0.13372132182121277,
          -0.04290671646595001,
          -0.216756671667099
        ],
        [
          -0.1113814041018486,
          1.0,
          -0.018217043951153755,
          -0.07499772310256958,
          0.08324499428272247
        ],
        [
          -0.13372132182121277,
          -0.018217043951153755,
          0.9999999403953552,
          -0.23968061804771423,
          -0.006067536771297455
        ],
        [
          -0.04290671646595001,
          -0.07499772310256958,
          -0.23968061804771423,
          1.0000001192092896,
          -0.11900857090950012
        ],
        [
          -0.216756671667099,
          0.08324500173330307,
          -0.006067536771297455,
          -0.11900857090950012,
          1.0000001192092896
        ]
      ],
      "cos_sim_mean_off_diag": -0.08794926125556231,
      "cos_sim_max_off_diag": 0.08324499428272247,
      "cos_sim_min_off_diag": -0.23968061804771423,